,name,institution,course_id
0,Machine Learning,Stanford University,machine-learning
1,Indigenous Canada,University of Alberta,indigenous-canada
2,The Science of Well-Being,Yale University,the-science-of-well-being
3,Technical Support Fundamentals,Google,technical-support-fundamentals
4,Become a CBRS Certified Professional Installer by Google,Google - Spectrum Sharing,google-cbrs-cpi-training
5,Financial Markets,Yale University,financial-markets-global
6,Introduction to Psychology,Yale University,introduction-psychology
7,Programming for Everybody (Getting Started with Python),University of Michigan,python
8,The Bits and Bytes of Computer Networking,Google,computer-networking
9,AI For Everyone,DeepLearning.AI,ai-for-everyone
10,Crash Course on Python,Google,python-crash-course
11,Psychological First Aid,Johns Hopkins University,psychological-first-aid
12,Neural Networks and Deep Learning,DeepLearning.AI,neural-networks-deep-learning
13,What is Data Science?,IBM,what-is-datascience
14,Successful Negotiation: Essential Strategies and Skills,University of Michigan,negotiation-skills
15,Fundamentals of Project Planning and Management,University of Virginia,uva-darden-project-management
16,Project Launch,"University of California, Irvine",project-management
17,"Brand Management: Aligning Business, Brand and Behaviour",London Business School,brand
18,Writing in the Sciences,Stanford University,sciwrite
19,Stanford Introduction to Food and Health,Stanford University,food-and-health
20,"HTML, CSS, and Javascript for Web Developers",Johns Hopkins University,html-css-javascript-for-web-developers
21,Excel Skills for Business: Essentials,Macquarie University,excel-essentials
22,Introduction to Negotiation: A Strategic Playbook for Becoming a Principled and Persuasive Negotiator,Yale University,negotiation
23,"Everyday Excel, Part 1",University of Colorado Boulder,everyday-excel-part-1
24,Learning How to Learn: Powerful mental tools to help you master tough subjects,University of California San Diego,learning-how-to-learn
25,Google Cloud Platform Fundamentals: Core Infrastructure,Google Cloud,gcp-fundamentals
26,Viral Marketing and How to Craft Contagious Content,University of Pennsylvania,wharton-contagious-viral-marketing
27,Python Data Structures,University of Michigan,python-data
28,Private Equity and Venture Capital,Università Bocconi,private-equity
29,First Step Korean,Yonsei University,learn-korean
30,"Introduction to TensorFlow for Artificial Intelligence, Machine Learning, and Deep Learning",DeepLearning.AI,introduction-tensorflow
31,Operating Systems and You: Becoming a Power User,Google,os-power-user
32,Tools for Data Science,IBM,open-source-tools-for-data-science
33,"Improving Deep Neural Networks: Hyperparameter tuning, Regularization and Optimization",DeepLearning.AI,deep-neural-network
34,Diversity and inclusion in the workplace,ESSEC Business School,diversity-inclusion-workplace
35,Design and Interpretation of Clinical Trials,Johns Hopkins University,clinical-trials
36,Visual Elements of User Interface Design,California Institute of the Arts,visual-elements-user-interface-design
37,Management of Fashion and Luxury Companies,Università Bocconi,mafash
38,Primeros Auxilios Psicológicos (PAP),Universitat Autònoma de Barcelona,pap
39,Social Psychology,Wesleyan University,social-psychology
40,Initiating and Planning Projects,"University of California, Irvine",project-planning
41,Computational Thinking for Problem Solving,University of Pennsylvania,computational-thinking-problem-solving
42,Agile with Atlassian Jira,Atlassian,agile-atlassian-jira
43,Fundamentals of Graphic Design,California Institute of the Arts,fundamentals-of-graphic-design
44,Introduction to User Experience Design,Georgia Institute of Technology,user-experience-design
45,Introduction to Marketing,University of Pennsylvania,wharton-marketing
46,Python for Data Science and AI,IBM,python-for-applied-data-science-ai
47,Marketing Analytics,University of Virginia,uva-darden-market-analytics
48,Natural Language Processing with Classification and Vector Spaces,DeepLearning.AI,classification-vector-spaces-in-nlp
49,Fundamentals of Quantitative Modeling,University of Pennsylvania,wharton-quantitative-modeling
50,How to Manage a Remote Team,GitLab,remote-team-management
51,Mathematics for Machine Learning: Linear Algebra,Imperial College London,linear-algebra-machine-learning
52,Introduction to Data Science in Python,University of Michigan,python-data-analysis
53,Customer Analytics,University of Pennsylvania,wharton-customer-analytics
54,Introduction to Psychology,University of Toronto,introduction-psych
55,English for Career Development,University of Pennsylvania,careerdevelopment
56,Global Diplomacy – Diplomacy in the Modern World,University of London,global-diplomacy
57,Game Theory,Stanford University,game-theory-1
58,SQL for Data Science,"University of California, Davis",sql-for-data-science
59,Write Professional Emails in English,Georgia Institute of Technology,professional-emails-english
60,Medical Neuroscience,Duke University,medical-neuroscience
61,System Administration and IT Infrastructure Services,Google,system-administration-it-infrastructure-services
62,International Women's Health and Human Rights,Stanford University,womens-health-human-rights
63,Child Nutrition and Cooking,Stanford University,childnutrition
64,Understanding the Brain: The Neurobiology of Everyday Life,The University of Chicago,neurobiology
65,Introduction to Social Media Marketing,Facebook,social-media-marketing-introduction
66,Forensic Accounting and Fraud Examination,West Virginia University,forensic-accounting
67,Clinical Terminology for International and U.S. Students,University of Pittsburgh,clinical-terminology
68,Science of Exercise,University of Colorado Boulder,science-exercise
69,Digital Product Management: Modern Fundamentals,University of Virginia,uva-darden-digital-product-management
70,Data Science Math Skills,Duke University,datasciencemathskills
71,Structuring Machine Learning Projects,DeepLearning.AI,machine-learning-projects
72,An Introduction to American Law,University of Pennsylvania,american-law
73,The Strategy of Content Marketing,"University of California, Davis",content-marketing
74,Introduction to Cybersecurity Tools & Cyber Attacks,IBM,introduction-cybersecurity-cyber-attacks
75,The Data Scientist’s Toolbox,Johns Hopkins University,data-scientists-tools
76,Animal Behaviour and Welfare,The University of Edinburgh,animal-welfare
77,Convolutional Neural Networks in TensorFlow,DeepLearning.AI,convolutional-neural-networks-tensorflow
78,Positive Psychology: Martin E. P. Seligman’s Visionary Science,University of Pennsylvania,positive-psychology-visionary-science
79,Introduction to the Biology of Cancer,Johns Hopkins University,cancer
80,Convolutional Neural Networks,DeepLearning.AI,convolutional-neural-networks
81,Using Python to Access Web Data,University of Michigan,python-network-data
82,Introductory Human Physiology,Duke University,physiology
83,Introduction to Systematic Review and Meta-Analysis,Johns Hopkins University,systematic-review
84,Organizational Analysis,Stanford University,organizational-analysis
85,Communication Strategies for a Virtual Age,University of Toronto,communication-strategies-virtual-age
86,Moral Foundations of Politics,Yale University,moral-politics
87,Étudier en France: French Intermediate course B1-B2,École Polytechnique,etudier-en-france
88,Managing the Company of the Future,London Business School,company-future-management
89,Finance for Non-Finance Professionals,Rice University,finance-for-non-finance
90,Site Reliability Engineering: Measuring and Managing Reliability,Google Cloud,site-reliability-engineering-slos
91,Autism Spectrum Disorder,"University of California, Davis",autism-spectrum-disorder
92,Data Science Methodology,IBM,data-science-methodology
93,Introduction to Financial Accounting,University of Pennsylvania,wharton-accounting
94,Marketing in a Digital World,University of Illinois at Urbana-Champaign,marketing-digital
95,Wind Energy,Technical University of Denmark (DTU),wind-energy
96,Principles of Sustainable Finance,Erasmus University Rotterdam,sustainable-finance
97,Financial Engineering and Risk Management Part I,Columbia University,financial-engineering-1
98,Introduction to Philosophy,The University of Edinburgh,philosophy
99,Business Metrics for Data-Driven Companies,Duke University,analytics-business-metrics
100,Python Basics,University of Michigan,python-basics
101,Introduction to Sustainability,University of Illinois at Urbana-Champaign,sustainability
102,Positive Psychiatry and Mental Health,The University of Sydney,positive-psychiatry
103,Cryptography I,Stanford University,crypto
104,Learning to Teach Online,UNSW Sydney (The University of New South Wales),teach-online
105,IT Security: Defense against the digital dark arts,Google,it-security
106,Entreprise et changement climatique,ESSEC Business School,entreprise-changement-climatique
107,An Introduction to Consumer Neuroscience & Neuromarketing,Copenhagen Business School,neuromarketing
108,Gamification,University of Pennsylvania,gamification
109,"Divide and Conquer, Sorting and Searching, and Randomized Algorithms",Stanford University,algorithms-divide-conquer
110,Contabilidad para no contadores,Universidad Nacional Autónoma de México,contabilidad
111,Using Python to Interact with the Operating System,Google,python-operating-system
112,Object-Oriented Data Structures in C++,University of Illinois at Urbana-Champaign,cs-fundamentals-1
113,Google Cloud Platform Big Data and Machine Learning Fundamentals,Google Cloud,gcp-big-data-ml-fundamentals
114,Databases and SQL for Data Science,IBM,sql-data-science
115,Natural Language Processing in TensorFlow,DeepLearning.AI,natural-language-processing-tensorflow
116,"Advanced Valuation and Strategy - M&A, Private Equity, and Venture Capital",Erasmus University Rotterdam,advanced-valuation-and-strategy
117,Natural Language Processing with Probabilistic Models,DeepLearning.AI,probabilistic-models-in-nlp
118,Vital Signs: Understanding What the Body Is Telling Us,University of Pennsylvania,vital-signs
119,Understanding Research Methods,University of London,research-methods
120,IBM Customer Engagement Specialist Professional Certificate,IBM,ibm-customer-engagement-specialist
121,Introduction to Calculus,The University of Sydney,introduction-to-calculus
122,Camino a la Excelencia en Gestión de Proyectos,Pontificia Universidad Católica de Chile,camino-excelencia-gestion-proyectos
123,Introduction to HTML5,University of Michigan,html
124,Wine Tasting: Sensory Techniques for Wine Analysis,"University of California, Davis",wine
125,Excel Skills for Business: Intermediate I,Macquarie University,excel-intermediate-1
126,"Programming Foundations with JavaScript, HTML and CSS",Duke University,duke-programming-web
127,Build a Modern Computer from First Principles: From Nand to Tetris (Project-Centered Course),Hebrew University of Jerusalem,build-a-computer
128,Food & Beverage Management,Università Bocconi,food-beverage-management
129,Data Analysis with Python,IBM,data-analysis-with-python
130,Project Planning,"University of California, Irvine",project-planning-1
131,Agile Meets Design Thinking,University of Virginia,uva-darden-getting-started-agile
132,AWS Fundamentals: Going Cloud-Native,Amazon Web Services,aws-fundamentals-going-cloud-native
133,Construction Project Management,Columbia University,construction-project-management
134,Introduction to Mathematical Thinking,Stanford University,mathematical-thinking
135,Everyday Parenting: The ABCs of Child Rearing,Yale University,everyday-parenting
136,Introduction to Healthcare,Stanford University,intro-to-healthcare
137,Machine Learning with Python,IBM,machine-learning-with-python
138,Terrorism and Counterterrorism: Comparing Theory and Practice,Universiteit Leiden,terrorism
139,Data Management for Clinical Research,Vanderbilt University,clinical-data-management
140,Sustainable Fashion,Copenhagen Business School,sustainable-fashion
141,Foundations of Data Science: K-Means Clustering in Python,University of London,data-science-k-means-clustering-python
142,Instructional Design Foundations and Applications,University of Illinois at Urbana-Champaign,instructional-design-foundations-applications
143,Cursos en línea: modelo para armar,Universidad Nacional Autónoma de México,enlinea
144,Modern Art & Ideas,The Museum of Modern Art,modern-art-ideas
145,"Speak English Professionally: In Person, Online & On the Phone",Georgia Institute of Technology,speak-english-professionally
146,Essential Google Cloud Infrastructure: Foundation,Google Cloud,gcp-infrastructure-foundation
147,Introduction to Artificial Intelligence (AI),IBM,introduction-to-ai
148,Dog Emotion and Cognition,Duke University,dog-emotion-and-cognition
149,International Leadership and Organizational Behavior,Università Bocconi,organizational-behavior
150,Driving business towards the Sustainable Development Goals,Erasmus University Rotterdam,sdgbusiness
151,"The Sustainable Development Goals – A global, transdisciplinary vision for the future",University of Copenhagen,global-sustainable-development
152,Digital Transformation,BCG,bcg-uva-darden-digital-transformation
153,Sequence Models,DeepLearning.AI,nlp-sequence-models
154,Devenir entrepreneur du changement,HEC Paris,entrepreneur-changement
155,Seeing Through Photographs,The Museum of Modern Art,photography
156,Entrepreneurship 1: Developing the Opportunity,University of Pennsylvania,wharton-entrepreneurship-opportunity
157,Introduction to Search Engine Optimization,"University of California, Davis",search-engine-optimization
158,Learn to Speak Korean 1,Yonsei University,learn-speak-korean1
159,Circular Economy - Sustainable Materials Management,Delft University of Technology,circular-economy
160,Drug Development,University of California San Diego,drug-development
161,R Programming,Johns Hopkins University,r-programming
162,Economics of Money and Banking,Columbia University,money-banking
163,Chinese for Beginners,Peking University,learn-chinese
164,Grammar and Punctuation,"University of California, Irvine",grammar-punctuation
165,Japanese for beginners 1,Saint Petersburg State University,japanese-1
166,Introduction to English Common Law,University of London,intro-common-law
167,Introduction to Dental Medicine,University of Pennsylvania,dental-medicine-penn
168,Fundamentals of Reinforcement Learning,Alberta Machine Intelligence Institute,fundamentals-of-reinforcement-learning
169,The Power of Macroeconomics: Economic Principles in the Real World,"University of California, Irvine",principles-of-macroeconomics
170,Corporate Sustainability. Understanding and Seizing the Strategic Opportunity,Università Bocconi,corp-sustainability
171,Behavioral Finance,Duke University,duke-behavioral-finance
172,"Sequences, Time Series and Prediction",DeepLearning.AI,tensorflow-sequences-time-series-and-prediction
173,Supply Chain Logistics,Rutgers the State University of New Jersey,supply-chain-logistics
174,Project Execution,"University of California, Irvine",project-execution
175,Nutrición y obesidad: control de sobrepeso,Universidad Nacional Autónoma de México,nutricion-obesidad-sobrepeso
176,Microeconomics Principles,University of Illinois at Urbana-Champaign,microeconomics
177,Creative Writing: The Craft of Plot,Wesleyan University,craft-of-plot
178,Astronomy: Exploring Time and Space,University of Arizona,astro
179,Oil & Gas Industry Operations and Markets,Duke University,oilandgas
180,Design Thinking for Innovation,University of Virginia,uva-darden-design-thinking-innovation
181,EDIVET: Do you have what it takes to be a veterinarian?,The University of Edinburgh,becoming-a-veterinarian
182,Learn to Program: The Fundamentals,University of Toronto,learn-to-program
183,Financial Accounting Fundamentals,University of Virginia,uva-darden-financial-accounting
184,Finding Purpose and Meaning In Life: Living for What Matters Most,University of Michigan,finding-purpose-and-meaning-in-life
185,Understanding Clinical Research: Behind the Statistics,University of Cape Town,clinical-research
186,Epidemiology: The Basic Science of Public Health,The University of North Carolina at Chapel Hill,epidemiology
187,Fashion as Design,The Museum of Modern Art,fashion-design
188,Teamwork Skills: Communicating Effectively in Groups,University of Colorado Boulder,teamwork-skills-effective-communication
189,Feminism and Social Justice,"University of California, Santa Cruz",feminism-social-justice
190,International Organizations Management,University of Geneva,international-organizations-management
191,Marketing Digital,Universidade de São Paulo,estrategia-marketing-digital
192,Fundamentals of GIS,"University of California, Davis",gis
193,e-Learning Ecologies: Innovative Approaches to Teaching and Learning for the Digital Age,University of Illinois at Urbana-Champaign,elearning
194,"Excel/VBA for Creative Problem Solving, Part 1",University of Colorado Boulder,excel-vba-for-creative-problem-solving-part-1
195,Rethinking International Tax Law,Universiteit Leiden,international-taxation
196,Introduction to Probability and Data with R,Duke University,probability-intro
197,Understanding and Visualizing Data with Python,University of Michigan,understanding-visualization-data
198,Fundamentals of Visualization with Tableau,"University of California, Davis",data-visualization-tableau
199,Getting Started with SAS Programming,SAS,sas-programming-basics
200,Machine Learning for All,University of London,uol-machine-learning-for-all
201,Using Databases with Python,University of Michigan,python-databases
202,Addiction Treatment: Clinical Skills for Healthcare Providers,Yale University,addiction-treatment
203,Dino 101: Dinosaur Paleobiology,University of Alberta,dino101
204,Sports Marketing,Northwestern University,sports-marketing
205,Positive Psychology,The University of North Carolina at Chapel Hill,positive-psychology
206,Introduction to Programming with MATLAB,Vanderbilt University,matlab
207,Preparing to Manage Human Resources,University of Minnesota,managing-human-resources
208,Solar Energy Basics,The State University of New York,solar-energy-basics
209,Front-End Web UI Frameworks and Tools: Bootstrap 4,The Hong Kong University of Science and Technology,bootstrap-4
210,Building Scalable Java Microservices with Spring Boot and Spring Cloud,Google Cloud,google-cloud-java-spring
211,Introduction to Forensic Science,"Nanyang Technological University, Singapore",forensic-science
212,Google Cloud Product Fundamentals,Google Cloud,google-cloud-product-fundamentals
213,American Contract Law I,Yale University,contracts-1
214,Engineering Health: Introduction to Yoga and Physiology,New York University,engineering-health-yoga-physiology
215,AI for Medical Diagnosis,DeepLearning.AI,ai-for-medical-diagnosis
216,Natural Language Processing with Sequence Models,DeepLearning.AI,sequence-models-in-nlp
217,Introduction to Electronics,Georgia Institute of Technology,electronics
218,International Humanitarian Law in Theory and Practice,Universiteit Leiden,international-humanitarian-law
219,Making Architecture,IE School of Architecture & Design,making-architecture
220,Model Thinking,University of Michigan,model-thinking
221,Supporting children with difficulties in reading and writing,University of London,dyslexia-difficulties
222,Innovation Management,Erasmus University Rotterdam,innovation-management
223,The Manager's Toolkit: A Practical Guide to Managing People at Work,"Birkbeck, University of London",people-management
224,"The Modern World, Part One: Global History from 1760 to 1910",University of Virginia,modern-world
225,Fundamentals of Music Theory,The University of Edinburgh,edinburgh-music-theory
226,Supply Chain Principles,Georgia Institute of Technology,supply-chain-principles
227,Essential Google Cloud Infrastructure: Core Services,Google Cloud,gcp-infrastructure-core-services
228,Weight Management: Beyond Balancing Calories,Emory University,weight-management-beyond-balancing-calories
229,Miracles of Human Language: An Introduction to Linguistics,Universiteit Leiden,human-language
230,Java Programming: Solving Problems with Software,Duke University,java-programming
231,Race and Cultural Diversity in American Life and History,University of Illinois at Urbana-Champaign,race-cultural-diversity-american-life
232,Inspiring and Motivating Individuals,University of Michigan,motivate-people-teams
233,"Competencias digitales. Herramientas de ofimática (Microsoft Word, Excel, Power Point)",Universitat Autònoma de Barcelona,competencias-digitales-ofimatica
234,Healing with the Arts,University of Florida,healing-with-the-arts
235,People Analytics,University of Pennsylvania,wharton-people-analytics
236,What is Social?,Northwestern University,what-is-social
237,UX Design Fundamentals,California Institute of the Arts,ux-design-fundamentals
238,Creative Thinking: Techniques and Tools for Success,Imperial College London,creative-thinking-techniques-and-tools-for-success
239,Introduction to Classical Music,Yale University,introclassicalmusic
240,Children's Human Rights - An Interdisciplinary Introduction,University of Geneva,childrens-rights
241,Investment Management in an Evolving and Volatile World by HEC Paris and AXA Investment Managers,HEC Paris,investment-management
242,Introduction to Data Analysis Using Excel,Rice University,excel-data-analysis
243,Mind Control: Managing Your Mental Health During COVID-19,University of Toronto,manage-health-covid-19
244,Introduction to International Criminal Law,Case Western Reserve University,international-criminal-law
245,"FinTech: Foundations, Payments, and Regulations",University of Pennsylvania,wharton-fintech-overview-payments-regulations
246,Greek and Roman Mythology,University of Pennsylvania,mythology
247,Politics and Economics of International Energy,Sciences Po,global-energy
248,Continuous Delivery & DevOps,University of Virginia,uva-darden-continous-delivery-devops
249,Teach English Now! Foundational Principles,Arizona State University,english-principles
250,Business Model Innovation,HEC Paris,business-model
251,Introduction to User Experience Principles and Processes,University of Michigan,introtoux-principles-and-processes
252,Beyond the Sustainable Development Goals (SDGs): Addressing Sustainability and Development,University of Michigan,beyond-the-sustainable-development-goals-addressing-sustainability-and-development
253,Process Mining: Data science in Action,Eindhoven University of Technology,process-mining
254,Fundamentals of Immunology: Innate Immunity and B-Cell Function,Rice University,immunologyfundamentalsimmunitybcells
255,Introduction to Corporate Finance,University of Pennsylvania,wharton-finance
256,Global Diplomacy: the United Nations in the World,University of London,global-diplomacy-un
257,Algorithmic Toolbox,University of California San Diego,algorithmic-toolbox
258,Troubles du spectre de l'autisme : diagnostic,University of Geneva,troubles-spectre-autisme-diagnostic
259,Anatomy: Musculoskeletal and Integumentary Systems,University of Michigan,anatomy403-1x
260,Unraveling the Cycling City,University of Amsterdam,unraveling-the-cycling-city
261,A Crash Course in Causality:  Inferring Causal Effects from Observational Data,University of Pennsylvania,crash-course-in-causality
262,English for Business and Entrepreneurship,University of Pennsylvania,business
263,Natural Language Processing with Attention Models,DeepLearning.AI,attention-models-in-nlp
264,What is Compliance?,University of Pennsylvania,what-is-compliance
265,Getting Started with Google Sheets,Google Cloud,getting-started-with-google-sheets
266,Data Visualization with Python,IBM,python-for-data-visualization
267,Foundations of Mindfulness,Rice University,foundations-of-mindfulness
268,Negociación exitosa: Estrategias y habilidades esenciales (en español),University of Michigan,negociacion
269,Data-driven Decision Making,PwC,decision-making
270,Fundamentals of Engineering Exam Review,Georgia Institute of Technology,fe-exam
271,Gender and Sexuality: Diversity and Inclusion in the Workplace,University of Pittsburgh,gender-sexuality
272,Managerial Accounting Fundamentals,University of Virginia,uva-darden-managerial-accounting
273,Search Engine Optimization Fundamentals,"University of California, Davis",seo-fundamentals
274,Essentials of Global Health,Yale University,essentials-global-health
275,International Security Management,Erasmus University Rotterdam,international-security-management
276,Getting Started with AWS Machine Learning,Amazon Web Services,aws-machine-learning
277,Arts and Heritage Management,Università Bocconi,arts-heritage
278,Understanding Einstein: The Special Theory of Relativity,Stanford University,einstein-relativity
279,Réussir le Changement,ESSEC Business School,reussir-le-changement
280,Equine Welfare and Management,"University of California, Davis",equine
281,International migrations: a global issue,Sciences Po,international-migrations
282,Introduction to Web Development,"University of California, Davis",web-development
283,Writing and Editing: Word Choice and Word Order,University of Michigan,writing-editing-words
284,Introduction to the Digital Advertising Landscape,University of Colorado Boulder,digital-advertising-landscape
285,Access Controls,(ISC)²,access-control-sscp
286,Engineering Project Management: Initiating and Planning,Rice University,initiating-planning
287,Kotlin for Java Developers,JetBrains,kotlin-for-java-developers
288,Mathematics for Machine Learning: Multivariate Calculus,Imperial College London,multivariate-calculus-machine-learning
289,Introduction to Git and GitHub,Google,introduction-git-github
290,Industrial Biotechnology,University of Manchester   ,industrial-biotech
291,The Addicted Brain,Emory University,addiction-and-the-brain
292,Introducción a la programación en Python I: Aprendiendo a programar con Python,Pontificia Universidad Católica de Chile,aprendiendo-programar-python
293,Modernizing Data Lakes and Data Warehouses with GCP,Google Cloud,data-lakes-data-warehouses-gcp
294,Drug Discovery,University of California San Diego,drug-discovery
295,Nutrition and Lifestyle in Pregnancy,Ludwig-Maximilians-Universität München (LMU),nutrition-pregnancy
296,Financial Acumen for Non-Financial Managers,University of Pennsylvania,finance-healthcare-managers
297,Python and Statistics for Financial Analysis,The Hong Kong University of Science and Technology,python-statistics-financial-analysis
298,Bugs 101: Insect-Human Interactions,University of Alberta,bugs-101
299,Autodesk Certified Professional: Revit for Architectural Design Exam Prep,Autodesk,autodesk-revit-architectural-design
300,"Leading for Equity, Diversity and Inclusion in Higher Education",University of Michigan,leading-for-equity-diversity-inclusion
301,Digital Media and Marketing Strategies,University of Illinois at Urbana-Champaign,marketing-plan
302,Enterprise Architecture,Peter the Great St. Petersburg Polytechnic University,enterprise-architecture
303,Introduction to Spreadsheets and Models,University of Pennsylvania,wharton-introduction-spreadsheets-models
304,The Arts and Science of Relationships: Understanding Human Needs,University of Toronto,human-needs
305,Essentials in Clinical Simulations Across the Health Professions,The George Washington University,clinicalsimulations
306,Budgeting and Scheduling Projects,"University of California, Irvine",schedule-projects
307,Machine Learning for Business Professionals,Google Cloud,machine-learning-business-professionals
308,Introduction to Accounting Data Analytics and Visualization,University of Illinois at Urbana-Champaign,intro-accounting-data-analytics-visual
309,Spanish Vocabulary: Meeting People,"University of California, Davis",spanish-vocabulary-meeting-people
310,Gestión Empresarial Exitosa para Pymes,Pontificia Universidad Católica de Chile,gestionempresarialpyme
311,Public Policy Challenges of the 21st Century,University of Virginia,public-policy
312,International Law in Action: the Arbitration of International Disputes,Universiteit Leiden,arbitration-international-disputes
313,Introduction to Ancient Egypt and Its Civilization,University of Pennsylvania,introancientegypt
314,Financing and Investing in Infrastructure,Università Bocconi,infrastructure-investing
315,Global Environmental Management,Technical University of Denmark (DTU),global-environmental-management
316,Operations Analytics,University of Pennsylvania,wharton-operations-analytics
317,Entrepreneurship Strategy: From Ideation to Exit,HEC Paris,entrepreneurship-strategy
318,FinTech Law and Policy,Duke University,fintechlawandpolicy
319,The Social Context of Mental Health and Illness,University of Toronto,mental-health
320,What Is Contemporary Art?,The Museum of Modern Art,contemporary-art
321,The Art of Music Production,Berklee College of Music,producing-music
322,Biohacking Your Brain's Health,Emory University,biohacking-your-brains-health
323,Bayesian Statistics: From Concept to Data Analysis,"University of California, Santa Cruz",bayesian-statistics
324,Reporting extra-financier et stratégie RSE,ESSEC Business School,reporting-extra-financier-strategie-rse
325,Leading Healthcare Quality and Safety,The George Washington University,quality-healthcare
326,Understanding International Relations Theory,National Research University Higher School of Economics,international-relations-theory
327,Introduction to Data Analytics,IBM,introduction-to-data-analytics
328,Fundamentos de Excel para Negocios,Universidad Austral,excel-para-negocios
329,Elastic Google Cloud Infrastructure: Scaling and Automation,Google Cloud,gcp-infrastructure-scaling-automation
330,Cultural Competence - Aboriginal Sydney,The University of Sydney,cultural-competence-aboriginal-sydney
331,Fundamentos de Finanzas Empresariales,Universidad de los Andes,finanzas-empresariales
332,Greening the Economy: Sustainable Cities,Lund University,gte-sustainable-cities
333,Introduction to Engineering Mechanics,Georgia Institute of Technology,engineering-mechanics-statics
334,Design-Led Strategy: Design thinking for business strategy and entrepreneurship,The University of Sydney,design-strategy
335,Biology Meets Programming: Bioinformatics for Beginners,University of California San Diego,bioinformatics
336,Understanding Medical Research: Your Facebook Friend is Wrong,Yale University,medical-research
337,Health Behavior Change: From Evidence to Action,Yale University,health-behavior-change
338,Ordered Data Structures,University of Illinois at Urbana-Champaign,cs-fundamentals-2
339,Mindshift: Break Through Obstacles to Learning and Discover Your Hidden Potential,McMaster University,mindshift
340,Programming Fundamentals,Duke University,programming-fundamentals
341,Understanding Financial Markets,University of Geneva,understanding-financial-markets
342,In the Studio: Postwar Abstract Painting,The Museum of Modern Art,painting
343,Drug Commercialization,University of California San Diego,drug-commercialization
344,Introduction to Software Product Management,University of Alberta,introduction-to-software-product-management
345,"Social Norms, Social Change I",Unicef,norms
346,Excel Skills for Business: Intermediate II,Macquarie University,excel-intermediate-2
347,Aboriginal Worldviews and Education,University of Toronto,aboriginal-education
348,"Information Systems Auditing, Controls and Assurance",The Hong Kong University of Science and Technology,information-systems-audit
349,Six Sigma Principles,University System of Georgia,six-sigma-principles
350,Business Writing,University of Colorado Boulder,writing-for-business
351,Autodesk Certified Professional: AutoCAD for Design and Drafting Exam Prep,Autodesk,autodesk-autocad-design-drafting
352,Introduction to Typography,California Institute of the Arts,typography
353,Customer Segmentation and Prospecting,Northwestern University,customer-segmentation-prospecting
354,Claves para Gestionar Personas,IESE Business School,gestionar-personas
355,English for Journalism,University of Pennsylvania,journalism
356,How Things Work: An Introduction to Physics,University of Virginia,how-things-work
357,Business English: Networking,University of Washington,business-english-intro
358,Summary Statistics in Public Health,Johns Hopkins University,summary-statistics
359,The Changing Global Order,Universiteit Leiden,changing-global-order
360,Global Energy and Climate Policy,University of London,globalenergyandclimatepolicy
361,El Abogado del Futuro: Legaltech y la Transformación Digital del Derecho,Universidad Austral,legaltech
362,Probability and Statistics: To p or not to p?,University of London,probability-statistics
363,Gut Check: Exploring Your Microbiome,University of Colorado Boulder,microbiome
364,Econometrics: Methods and Applications,Erasmus University Rotterdam,erasmus-econometrics
365,Разработка веб-сервисов на Go - основы языка,Moscow Institute of Physics and Technology,golang-webservices-1
366,Mastering Data Analysis in Excel,Duke University,analytics-excel
367,Basic Statistics,University of Amsterdam,basic-statistics
368,"Capstone: Retrieving, Processing, and Visualizing Data with Python",University of Michigan,python-data-visualization
369,Design Thinking for the Greater Good: Innovation in the Social Sector,University of Virginia,uva-darden-design-thinking-social-sector
370,Introduction to Portfolio Construction and Analysis with Python,EDHEC Business School,introduction-portfolio-construction-python
371,Data Analytics for Lean Six Sigma,University of Amsterdam,data-analytics-for-lean-six-sigma
372,Refugees in the 21st Century,University of London,refugees-21st-century
373,Building Containerized Applications on AWS,Amazon Web Services,containerized-apps-on-aws
374,Business Transformation with Google Cloud,Google Cloud,business-transformation-google-cloud
375,Version Control with Git,Atlassian,version-control-with-git
376,"Transmedia Storytelling: Narrative worlds, emerging technologies, and global audiences",UNSW Sydney (The University of New South Wales),transmedia-storytelling
377,Excel aplicado a los negocios (Nivel Avanzado),Universidad Austral,excel-aplicado-negocios-avanzado
378,Introduction to Public Speaking,University of Washington,public-speaking
379,Building Conversational Experiences with Dialogflow,Google Cloud,conversational-experiences-dialogflow
380,Guitar for Beginners,Berklee College of Music,guitar
381,Managing Project Risks and Changes,"University of California, Irvine",project-risk-management
382,L'excellence opérationnelle en pratique,ESSEC Business School,excellence-operationnelle
383,Introduction to Cloud Computing,IBM,introduction-to-cloud
384,Sample-based Learning Methods,Alberta Machine Intelligence Institute,sample-based-learning-methods
385,Functional Programming Principles in Scala,École Polytechnique Fédérale de Lausanne,progfun1
386,Introduction to Blockchain Technologies,INSEAD,introduction-blockchain-technologies
387,Introduction to Environmental Law and Policy,The University of North Carolina at Chapel Hill,environmental-law
388,"Cameras, Exposure, and Photography",Michigan State University,exposure-photography
389,Democracia y decisiones públicas. Introducción al análisis de políticas públicas,Universitat Autònoma de Barcelona,democracia
390,Dentistry 101,University of Michigan,dentistry101
391,"Python Functions, Files, and Dictionaries",University of Michigan,python-functions-files-dictionaries
392,Anticorrupción: Introducción a conceptos y perspectiva práctica,Universidad Nacional Autónoma de México,anticorrupcion-introduccion
393,Positive Psychology: Applications and Interventions,University of Pennsylvania,positive-psychology-applications
394,Introduction to Embedded Systems Software and Development Environments,University of Colorado Boulder,introduction-embedded-systems
395,Personal & Family Financial Planning,University of Florida,family-planning
396,A Law Student's Toolkit,Yale University,law-student
397,Introducción a Data Science: Programación Estadística con R,Universidad Nacional Autónoma de México,intro-data-science-programacion-estadistica-r
398,"Cybersecurity Roles, Processes & Operating System Security",IBM,cybersecurity-roles-processes-operating-system-security
399,Computational Neuroscience,University of Washington,computational-neuroscience
400,De-Mystifying Mindfulness,Universiteit Leiden,mindfulness
401,Smart Cities – Management of Smart Urban Infrastructures,École Polytechnique Fédérale de Lausanne,smart-cities
402,Getting Started with Go,"University of California, Irvine",golang-getting-started
403,Introduction to Economic Theories,Erasmus University Rotterdam,intro-economic-theories
404,Probabilistic Graphical Models 1: Representation,Stanford University,probabilistic-graphical-models
405,The Power of Microeconomics: Economic Principles in the Real World,"University of California, Irvine",principles-of-microeconomics
406,Introduction to Personal Branding,University of Virginia,personal-branding
407,Love as a Force for Social Justice,Stanford University,love-social-justice
408,Mathematical Thinking in Computer Science,University of California San Diego,what-is-a-proof
409,Introduction to Genetics and Evolution,Duke University,genetics-evolution
410,Основы программирования на Python,National Research University Higher School of Economics,python-osnovy-programmirovaniya
411,Improving Communication Skills,University of Pennsylvania,wharton-communication-skills
412,"Introduction to Trading, Machine Learning & GCP",New York Institute of Finance,introduction-trading-machine-learning-gcp
413,Python Programming: A Concise Introduction,Wesleyan University,python-programming-introduction
414,"The Modern World, Part Two: Global History since 1910",University of Virginia,modern-world-2
415,Understanding Plants - Part I: What a Plant Knows,Tel Aviv University,plantknows
416,Excel Fundamentals for Data Analysis,Macquarie University,excel-data-analysis-fundamentals
417,Finanzas personales,Universidad Nacional Autónoma de México,finanzas-personales
418,English Composition I,Duke University,english-composition
419,Career 911: Your Future Job in Medicine and Healthcare,Northwestern University,healthcarejobs
420,Introduction to Self-Driving Cars,University of Toronto,intro-self-driving-cars
421,Corporate & Commercial Law I: Contracts & Employment Law,University of Illinois at Urbana-Champaign,corporate-commercial-law-part1
422,Blockchain Basics,University at Buffalo,blockchain-basics
423,Foundations of Business Strategy,University of Virginia,uva-darden-foundations-business-strategy
424,Introdução à Ciência da Computação com Python Parte 1,Universidade de São Paulo,ciencia-computacao-python-conceitos
425,Stochastic processes,National Research University Higher School of Economics,stochasticprocesses
426,Foundations for Big Data Analysis with SQL,Cloudera,foundations-big-data-analysis-sql
427,"Innovation Through Design: Think, Make, Break, Repeat",The University of Sydney,innovation-through-design
428,Perfect Tenses and Modals,"University of California, Irvine",perfect-tenses-modals
429,Getting Started with Azure,LearnQuest,cloud-azure-intro
430,Moralities of Everyday Life,Yale University,moralities
431,Revisão Sistemática e Meta-análise,Universidade Estadual de Campinas,revisao-sistematica
432,Understanding child development: from synapse to society,Utrecht University,child-development
433,Introduction to G Suite,Google Cloud,introduction-g-suite
434,Aprendiendo a aprender: Poderosas herramientas mentales con las que podrás dominar temas difíciles (Learning How to Learn),University of California San Diego,aprendiendo-a-aprender
435,Building Batch Data Pipelines on GCP,Google Cloud,batch-data-pipelines-gcp
436,Financial Planning for Young Adults,University of Illinois at Urbana-Champaign,financial-planning
437,Quantitative Methods,University of Amsterdam,quantitative-methods
438,"Introduction to Self-Determination Theory: An approach to motivation, development and wellness",University of Rochester,self-determination-theory
439,The Technology of Music Production,Berklee College of Music,technology-of-music-production
440,Code Yourself! An Introduction to Programming,The University of Edinburgh,intro-programming
441,Success,University of Pennsylvania,wharton-success
442,Chemicals and Health,Johns Hopkins University,chemicals-health
443,Improving your statistical inferences,Eindhoven University of Technology,statistical-inferences
444,Fundamentals of Finance,University of Pennsylvania,finance-fundamentals
445,How Google does Machine Learning,Google Cloud,google-machine-learning
446,Object-Oriented Design,University of Alberta,object-oriented-design
447,Introduction to Intellectual Property,University of Pennsylvania,introduction-intellectual-property
448,Cost and Economics in Pricing Strategy,BCG,uva-darden-bcg-pricing-strategy-cost-economics
449,Write A Feature Length Screenplay For Film Or Television,Michigan State University,write-a-feature-length-screenplay-for-film-or-television
450,Marketing Gerencial,Universidad de Chile,marketing-gerencial
451,Corporate Finance Essentials,IESE Business School,corporate-finance-essentials
452,Information Security: Context and Introduction,"Royal Holloway, University of London",information-security-data
453,"Anatomy of the Chest, Abdomen, and Pelvis",Yale University,trunk-anatomy
454,Introduction to CSS3,University of Michigan,introcss
455,Applied Data Science Capstone,IBM,applied-data-science-capstone
456,Introduction aux Droits de l’Homme,University of Geneva,droits-de-lhomme
457,"Programming Languages, Part A",University of Washington,programming-languages
458,Big History: Connecting Knowledge,Macquarie University,big-history
459,Leadership in 21st Century Organizations,Copenhagen Business School,leadership-21st-century
460,Software Processes and Agile Practices,University of Alberta,software-processes-and-agile-practices
461,DevOps Culture and Mindset,"University of California, Davis",devops-culture-and-mindset
462,Introduction to Statistics & Data Analysis in Public Health,Imperial College London,introduction-statistics-data-analysis-public-health
463,Discrete Optimization,The University of Melbourne,discrete-optimization
464,Основы разработки на C++: белый пояс,Moscow Institute of Physics and Technology,c-plus-plus-white
465,COVID-19 Contact Tracing For Nursing Professionals,University of Houston,covid-19-contact-tracing-for-nursing-professionals
466,High Stakes Leadership: Leading in Times of Crisis,University of Michigan,high-stakes-leadership
467,Essential Epidemiologic Tools for Public Health Practice,Johns Hopkins University,epidemiology-tools
468,Epigenetic Control of Gene Expression,The University of Melbourne,epigenetics
469,"Recruiting, Hiring, and Onboarding Employees",University of Minnesota,recruiting-hiring-onboarding-employees
470,AWS Fundamentals: Addressing Security Risk,Amazon Web Services,aws-fundamentals-addressing-security-risk
471,Ancient Philosophy: Plato & His Predecessors,University of Pennsylvania,plato
472,Becoming a changemaker: Introduction to Social Innovation,University of Cape Town,social-innovation
473,Spanish for Successful Communication in Healthcare Settings,Rice University,spanish-in-healthcare-settings
474,Leading transformations: Manage change,Macquarie University,change-management
475,Introduction to Systems Engineering,UNSW Sydney (The University of New South Wales),systems-engineering
476,Digital Marketing Analytics in Theory,University of Illinois at Urbana-Champaign,marketing-analytics
477,Data Visualization and Communication with Tableau,Duke University,analytics-tableau
478,Bayesian Statistics: Techniques and Models,"University of California, Santa Cruz",mcmc-bayesian-statistics
479,Human Rights for Open Societies,Utrecht University,humanrights
480,Introduction to Computers and Office Productivity Software,The Hong Kong University of Science and Technology,introduction-to-computers-and-office-productivity-software
481,The Introduction to Quantum Computing,Saint Petersburg State University,quantum-computing-algorithms
482,Intercultural Management,ESCP Business School,intercultural
483,Get Interactive: Practical Teaching with Technology,University of London,getinmooc
484,International Law In Action: Investigating and Prosecuting International Crimes,Universiteit Leiden,international-law-in-action-2
485,Global Financial Markets and Instruments,Rice University,global-financial-markets-instruments
486,Write Your First Novel,Michigan State University,write-your-first-novel
487,Développement psychologique de l'enfant,University of Geneva,enfant-developpement
488,Songwriting: Writing the Lyrics,Berklee College of Music,songwriting-lyrics
489,"Applied Plotting, Charting & Data Representation in Python",University of Michigan,python-plotting
490,Systems Thinking In Public Health,Johns Hopkins University,systems-thinking
491,Excel Skills for Business: Advanced,Macquarie University,excel-advanced
492,Introduction to Neuroeconomics: How the Brain Makes Decisions,National Research University Higher School of Economics,neuroeconomics
493,Community Organizing for Social Justice,University of Michigan,community-organizing
494,Build a Modern Computer from First Principles: Nand to Tetris Part II (project-centered course),Hebrew University of Jerusalem,nand2tetris2
495,The Global Financial Crisis,Yale University,global-financial-crisis
496,Agile и Scrum в работе над проектами и продуктами,E-Learning Development Fund,upravleniya-proektami-agile-scrum
497,Renewable Energy and Green Building Entrepreneurship,Duke University,renewable-energy-entrepreneurship
498,The Cycle: Management of Successful Arts and Cultural Organizations,"University of Maryland, College Park",the-cycle
499,Privacy Law and Data Protection,University of Pennsylvania,privacy-law-data-protection
500,Building Modern Python Applications on AWS,Amazon Web Services,building-modern-python-applications-on-aws
501,Digital Business Models,Lund University,digital-business-models
502,"Everyday Excel, Part 2",University of Colorado Boulder,everyday-excel-part-2
503,Reliable Google Cloud Infrastructure: Design and Process,Google Cloud,cloud-infrastructure-design-process
504,Introduction to Computer Programming,University of London,introduction-to-computer-programming
505,"Big Data Essentials: HDFS, MapReduce and Spark RDD",Yandex,big-data-essentials
506,Dermatology: Trip to skin,Novosibirsk State University ,dermatology
507,Sustainable Tourism – promoting environmental public health,University of Copenhagen,sustainable-tourism
508,Population Health During A Pandemic: Contact Tracing and Beyond,University of Houston,contact-tracing-for-covid-19
509,Social Impact Strategy: Tools for Entrepreneurs and Innovators,University of Pennsylvania,social-impact
510,C for Everyone: Programming Fundamentals,"University of California, Santa Cruz",c-for-everyone
511,Introduction to Structured Query Language (SQL),University of Michigan,intro-sql
512,Social and Economic Networks:  Models and Analysis,Stanford University,social-economic-networks
513,The Truth About Cats and Dogs,The University of Edinburgh,cats-and-dogs
514,Sports and Society,Duke University,sports-society
515,Fundamentals of Scalable Data Science,IBM,ds
516,Effective Compliance Programs,University of Pennsylvania,effective-compliance-programs
517,Transformation of the Global Food System,University of Copenhagen,transformation-global-food-system
518,Web Application Technologies and Django,University of Michigan,django-database-web-apps
519,Curanderismo: Traditional Healing Using Plants,University of New Mexico,curanderismo-plants
520,Applied Machine Learning in Python,University of Michigan,python-machine-learning
521,Troubleshooting and Debugging Techniques,Google,troubleshooting-debugging-techniques
522,Introduction to C# Programming and Unity,University of Colorado System,introduction-programming-unity
523,"Corrección, estilo y  variaciones de la lengua española",Universitat Autònoma de Barcelona,correccion-estilo-variaciones
524,Les Fondamentaux de la Négociation,ESSEC Business School,fondamentaux-negociation
525,Introduction to Clinical Data,Stanford University,introduction-clinical-data
526,The Science of Success: What Researchers Know that You Should Know,University of Michigan,success
527,Finance for Non-Financial Managers,Emory University,finance-for-non-financial-managers
528,Getting Started With Music Theory,Michigan State University,music-theory
529,Digital Marketing Analytics in Practice,University of Illinois at Urbana-Champaign,digital-analytics
530,The Horse Course: Introduction to Basic Care and Management,University of Florida,horse-care
531,Verb Tenses and Passives,"University of California, Irvine",verb-passives
532,Gestión de organizaciones efectivas,Pontificia Universidad Católica de Chile,gestion-organizaciones-efectivas
533,Introduction to Big Data,University of California San Diego,big-data-introduction
534,Rédaction de contrats,University of Geneva,contrats
535,Philosophy and the Sciences: Introduction to the Philosophy of Cognitive Sciences,The University of Edinburgh,philosophy-cognitive-sciences
536,Schizophrenia,Wesleyan University,schizophrenia
537,Ecology: Ecosystem Dynamics and Conservation,Howard Hughes Medical Institute ,ecology-conservation
538,Introduction to Game Development,Michigan State University,game-development
539,Practical Time Series Analysis,The State University of New York,practical-time-series-analysis
540,VLSI CAD Part I: Logic,University of Illinois at Urbana-Champaign,vlsi-cad-logic
541,Getting Started with Google Kubernetes Engine,Google Cloud,google-kubernetes-engine
542,Exploring ​and ​Preparing ​your ​Data with BigQuery,Google Cloud,gcp-exploring-preparing-data-bigquery
543,Six Sigma and the Organization (Advanced),University System of Georgia,six-sigma-organization-advanced
544,Social Work Practice: Advocating Social Justice and Change,University of Michigan,social-work-practice-advocating-social-justice-and-change
545,Introduction to Machine Learning,Duke University,machine-learning-duke
546,Entrepreneurship 2: Launching your Start-Up,University of Pennsylvania,wharton-launching-startup
547,Nanotechnology: A Maker’s Course,Duke University,nanotechnology
548,Creative Problem Solving,University of Minnesota,creative-problem-solving
549,"Sleep: Neurobiology, Medicine, and Society",University of Michigan,sleep
550,COVID-19: What You Need to Know (CME Eligible),Osmosis,covid-19-what-you-need-to-know
551,Classical Sociological Theory,University of Amsterdam,classical-sociological-theory
552,Electric Industry Operations and Markets,Duke University,electricity
553,Preparing for the Google Cloud Professional Cloud Architect Exam,Google Cloud,preparing-cloud-professional-cloud-architect-exam
554,Effective Business Presentations with Powerpoint,PwC,powerpoint-presentations
555,More Introduction to Financial Accounting,University of Pennsylvania,wharton-financial-accounting
556,Cryptocurrency and Blockchain: An Introduction to Digital Currencies,University of Pennsylvania,wharton-cryptocurrency-blockchain-introduction-digital-currency
557,Dairy Production and Management,The Pennsylvania State University,dairy-production
558,Think Again I: How to Understand Arguments,Duke University,understanding-arguments
559,Developing Your Musicianship,Berklee College of Music,develop-your-musicianship
560,Introduction to Operations Management,University of Pennsylvania,wharton-operations
561,The Oral Cavity: Portal to Health and Disease,University of Pennsylvania,oralcavity
562,Preparing for the Google Cloud Associate Cloud Engineer Exam,Google Cloud,preparing-cloud-associate-cloud-engineer-exam
563,Fundamental Neuroscience for Neuroimaging,Johns Hopkins University,neuroscience-neuroimaging
564,European Business Law: Understanding the Fundamentals,Lund University,european-law-fundamentals
565,Teach English Now! Teaching Language Online,Arizona State University,teachlanguageonline
566,Front-End Web Development with React,The Hong Kong University of Science and Technology,front-end-react
567,Music Business Foundations,Berklee College of Music,music-business-foundations
568,Introduction to Business Analytics: Communicating with Data,University of Illinois at Urbana-Champaign,intro-business-analytics
569,Security & Safety Challenges in a Globalized World,Universiteit Leiden,security-safety-globalized-world
570,Machine Learning Foundations: A Case Study Approach,University of Washington,ml-foundations
571,Accounting Analytics,University of Pennsylvania,accounting-analytics
572,Strategic Business Management - Microeconomics,"University of California, Irvine",strategic-business-management-microeconomics
573,"Epidemics, Pandemics and Outbreaks",University of Pittsburgh,epidemic-pandemic-outbreak
574,Roman Architecture,Yale University,roman-architecture
575,Research Data Management and Sharing,The University of Edinburgh,data-management
576,Introduction to Genomic Technologies,Johns Hopkins University,introduction-genomics
577,Strategic Management,Copenhagen Business School,strategic-management
578,Cybersecurity Compliance Framework & System Administration,IBM,cybersecurity-compliance-framework-system-administration
579,Legal Tech & Startups,IE Business School,legal-tech-startups
580,Introduction to Chemistry:  Reactions and Ratios,Duke University,intro-chemistry
581,The Science of Stem Cells,American Museum of Natural History,stem-cells
582,The Business of Product Management I,Advancing Women in Product,the-business-of-product-management-one
583,Positive Psychology: Resilience Skills,University of Pennsylvania,positive-psychology-resilience
584,AI for Medical Prognosis,DeepLearning.AI,ai-for-medical-prognosis
585,Antibiotic Stewardship,Stanford University,antibiotic-stewardship
586,UX / UI: Fundamentos para o design de interface,Universidade de São Paulo,ux-ui-design-de-interface
587,EMT Foundations,University of Colorado System,emt-foundations
588,Industrial IoT on Google Cloud Platform,Google Cloud,iiot-google-cloud-platform
589,"Penetration Testing, Incident Response and Forensics",IBM,ibm-penetration-testing-incident-response-forensics
590,Database Management Essentials,University of Colorado System,database-management
591,Advertising and Society,Duke University,role-of-advertising
592,Everyday Chinese Medicine,The Chinese University of Hong Kong,everyday-chinese-medicine
593,Fundamentals of Machine Learning for Healthcare,Stanford University,fundamental-machine-learning-healthcare
594,New Approaches to Countering Terror: Countering Violent Extremism,"University of Maryland, College Park",countering-terror-violent-extremism
595,Magic in the Middle Ages,Universitat de Barcelona,magic-middle-ages
596,Challenging Forensic Science: How Science Should Speak to Court,University of Lausanne,challenging-forensic-science
597,Exploring Renewable Energy Schemes,University of Pennsylvania,exploring-renewable-energy
598,Paleontology: Theropod Dinosaurs and the Origin of Birds,University of Alberta,theropods-birds
599,Corporate Strategy,UCL School of Management,corporatestrategy
600,Getting Started with Essay Writing,"University of California, Irvine",getting-started-with-essay-writing
601,Actualización en el manejo del paciente con diabetes mellitus tipo 2,Universidad Nacional Autónoma de México,actualizacion-manejo-diabetes-tipo-2
602,Mastering Final Cut Pro,LearnQuest,mastering-final-cut-pro
603,Removing Barriers to Change,University of Pennsylvania,removing-barriers-to-change
604,Tricky American English Pronunciation,"University of California, Irvine",tricky-american-english-pronunciation
605,Managing an Agile Team,University of Virginia,uva-darden-agile-team-management
606,International Law in Action: A Guide to the International Courts and Tribunals in The Hague,Universiteit Leiden,international-law-in-action
607,"Competencias Laborales: Perfiles, Evaluación y Capacitación.",Universidad de Chile,competencias-lab
608,Getting started with TensorFlow 2,Imperial College London,getting-started-with-tensor-flow2
609,Geopolitics of Europe,Sciences Po,geopolitics-europe
610,Osteoarchaeology: The Truth in Our Bones,Universiteit Leiden,truthinourbones-osteoarchaeology-archaeology
611,Mathematics for Machine Learning: PCA,Imperial College London,pca-machine-learning
612,Object Oriented Programming in Java,University of California San Diego,object-oriented-java
613,Embedded Software and Hardware Architecture,University of Colorado Boulder,embedded-software-hardware
614,Memoir and Personal Essay: Managing Your Relationship with the Reader,Wesleyan University,memoir-reader-relationship
615,Математика и Python для анализа данных,Moscow Institute of Physics and Technology,mathematics-and-python
616,Hacia una práctica constructivista en el aula,Pontificia Universidad Católica de Chile,aulaconstructivista
617,Hypothesis-Driven Development,University of Virginia,uva-darden-agile-testing
618,Accounting Data Analytics with Python,University of Illinois at Urbana-Champaign,accounting-data-analytics-python
619,Introduction to Molecular Spectroscopy,University of Manchester   ,spectroscopy
620,Managing as a Coach,"University of California, Davis",managing-as-a-coach
621,The fundamentals of hotel distribution,ESSEC Business School,hotel-distribution
622,A Crash Course in Data Science,Johns Hopkins University,data-science-course
